{
	"credit": "Made with Blockbench by EnderLanky",
	"textures": {
		"0": "block/diamond_block",
		"2": "block/glass",
		"particle": "block/diamond_block"
	},
	"elements": [
		{
			"name": "edge",
			"from": [14, 14, 0],
			"to": [16, 16, 16],
			"faces": {
				"north": {"uv": [0, 0, 2, 2], "texture": "#0"},
				"east": {"uv": [0, 0, 16, 2], "texture": "#0"},
				"south": {"uv": [14, 0, 16, 2], "texture": "#0"},
				"west": {"uv": [0, 0, 16, 2], "texture": "#0"},
				"up": {"uv": [14, 0, 16, 16], "texture": "#0"},
				"down": {"uv": [14, 0, 16, 16], "texture": "#0"}
			}
		},
		{
			"name": "edge",
			"from": [0, 14, 0],
			"to": [2, 16, 16],
			"faces": {
				"north": {"uv": [14, 0, 16, 2], "texture": "#0"},
				"east": {"uv": [0, 0, 16, 2], "texture": "#0"},
				"south": {"uv": [0, 0, 2, 2], "texture": "#0"},
				"west": {"uv": [0, 0, 16, 2], "texture": "#0"},
				"up": {"uv": [0, 0, 2, 16], "texture": "#0"},
				"down": {"uv": [0, 0, 2, 16], "texture": "#0"}
			}
		},
		{
			"name": "edge",
			"from": [2, 14, 14],
			"to": [14, 16, 16],
			"faces": {
				"north": {"uv": [2, 0, 14, 2], "texture": "#0"},
				"east": {"uv": [0, 0, 2, 2], "texture": "#0"},
				"south": {"uv": [2, 0, 14, 2], "texture": "#0"},
				"west": {"uv": [14, 0, 16, 2], "texture": "#0"},
				"up": {"uv": [2, 14, 14, 16], "texture": "#0"},
				"down": {"uv": [2, 0, 14, 2], "texture": "#0"}
			}
		},
		{
			"name": "edge",
			"from": [2, 14, 0],
			"to": [14, 16, 2],
			"faces": {
				"north": {"uv": [2, 0, 14, 2], "texture": "#0"},
				"east": {"uv": [14, 0, 16, 2], "texture": "#0"},
				"south": {"uv": [2, 0, 14, 2], "texture": "#0"},
				"west": {"uv": [0, 0, 2, 2], "texture": "#0"},
				"up": {"uv": [2, 0, 14, 2], "texture": "#0"},
				"down": {"uv": [2, 14, 14, 16], "texture": "#0"}
			}
		},
		{
			"name": "column",
			"from": [14, 2, 0],
			"to": [16, 14, 2],
			"faces": {
				"north": {"uv": [0, 2, 2, 14], "texture": "#0"},
				"east": {"uv": [14, 2, 16, 14], "texture": "#0"},
				"south": {"uv": [14, 2, 16, 14], "texture": "#0"},
				"west": {"uv": [0, 2, 2, 14], "texture": "#0"},
				"up": {"uv": [14, 0, 16, 2], "texture": "#0"},
				"down": {"uv": [14, 14, 16, 16], "texture": "#0"}
			}
		},
		{
			"name": "column",
			"from": [0, 2, 0],
			"to": [2, 14, 2],
			"faces": {
				"north": {"uv": [14, 2, 16, 14], "texture": "#0"},
				"east": {"uv": [14, 2, 16, 14], "texture": "#0"},
				"south": {"uv": [0, 2, 2, 14], "texture": "#0"},
				"west": {"uv": [0, 2, 2, 14], "texture": "#0"},
				"up": {"uv": [0, 0, 2, 2], "texture": "#0"},
				"down": {"uv": [0, 14, 2, 16], "texture": "#0"}
			}
		},
		{
			"name": "column",
			"from": [0, 2, 14],
			"to": [2, 14, 16],
			"faces": {
				"north": {"uv": [14, 2, 16, 14], "texture": "#0"},
				"east": {"uv": [0, 2, 2, 14], "texture": "#0"},
				"south": {"uv": [0, 2, 2, 14], "texture": "#0"},
				"west": {"uv": [14, 2, 16, 14], "texture": "#0"},
				"up": {"uv": [0, 14, 2, 16], "texture": "#0"},
				"down": {"uv": [0, 0, 2, 2], "texture": "#0"}
			}
		},
		{
			"name": "column",
			"from": [14, 2, 14],
			"to": [16, 14, 16],
			"faces": {
				"north": {"uv": [0, 2, 2, 14], "texture": "#0"},
				"east": {"uv": [0, 2, 2, 14], "texture": "#0"},
				"south": {"uv": [14, 2, 16, 14], "texture": "#0"},
				"west": {"uv": [14, 2, 16, 14], "texture": "#0"},
				"up": {"uv": [14, 14, 16, 16], "texture": "#0"},
				"down": {"uv": [14, 0, 16, 2], "texture": "#0"}
			}
		},
		{
			"name": "edge",
			"from": [14, 0, 0],
			"to": [16, 2, 16],
			"faces": {
				"north": {"uv": [0, 14, 2, 16], "texture": "#0"},
				"east": {"uv": [0, 14, 16, 16], "texture": "#0"},
				"south": {"uv": [14, 14, 16, 16], "texture": "#0"},
				"west": {"uv": [0, 14, 16, 16], "texture": "#0"},
				"up": {"uv": [14, 0, 16, 16], "texture": "#0"},
				"down": {"uv": [14, 0, 16, 16], "texture": "#0"}
			}
		},
		{
			"name": "edge",
			"from": [0, 0, 0],
			"to": [2, 2, 16],
			"faces": {
				"north": {"uv": [14, 14, 16, 16], "texture": "#0"},
				"east": {"uv": [0, 14, 16, 16], "texture": "#0"},
				"south": {"uv": [0, 14, 2, 16], "texture": "#0"},
				"west": {"uv": [0, 14, 16, 16], "texture": "#0"},
				"up": {"uv": [0, 0, 2, 16], "texture": "#0"},
				"down": {"uv": [0, 0, 2, 16], "texture": "#0"}
			}
		},
		{
			"name": "edge",
			"from": [2, 0, 0],
			"to": [14, 2, 2],
			"faces": {
				"north": {"uv": [2, 14, 14, 16], "texture": "#0"},
				"east": {"uv": [14, 14, 16, 16], "texture": "#0"},
				"south": {"uv": [2, 14, 14, 16], "texture": "#0"},
				"west": {"uv": [0, 14, 2, 16], "texture": "#0"},
				"up": {"uv": [2, 0, 14, 2], "texture": "#0"},
				"down": {"uv": [2, 14, 14, 16], "texture": "#0"}
			}
		},
		{
			"name": "edge",
			"from": [2, 0, 14],
			"to": [14, 2, 16],
			"faces": {
				"north": {"uv": [2, 14, 14, 16], "texture": "#0"},
				"east": {"uv": [0, 14, 2, 16], "texture": "#0"},
				"south": {"uv": [2, 14, 14, 16], "texture": "#0"},
				"west": {"uv": [14, 14, 16, 16], "texture": "#0"},
				"up": {"uv": [2, 14, 14, 16], "texture": "#0"},
				"down": {"uv": [2, 0, 14, 2], "texture": "#0"}
			}
		},
		{
			"from": [1, 7, 12],
			"to": [4, 9, 15],
			"faces": {
				"north": {"uv": [12, 7, 15, 9], "texture": "#0"},
				"east": {"uv": [1, 7, 4, 9], "texture": "#0"},
				"south": {"uv": [1, 7, 4, 9], "texture": "#0"},
				"west": {"uv": [12, 7, 15, 9], "texture": "#0"},
				"up": {"uv": [1, 12, 4, 15], "texture": "#0"},
				"down": {"uv": [1, 1, 4, 4], "texture": "#0"}
			}
		},
		{
			"from": [12, 7, 12],
			"to": [15, 9, 15],
			"faces": {
				"north": {"uv": [1, 7, 4, 9], "texture": "#0"},
				"east": {"uv": [1, 7, 4, 9], "texture": "#0"},
				"south": {"uv": [12, 7, 15, 9], "texture": "#0"},
				"west": {"uv": [12, 7, 15, 9], "texture": "#0"},
				"up": {"uv": [12, 12, 15, 15], "texture": "#0"},
				"down": {"uv": [12, 1, 15, 4], "texture": "#0"}
			}
		},
		{
			"from": [12, 7, 1],
			"to": [15, 9, 4],
			"faces": {
				"north": {"uv": [1, 7, 4, 9], "texture": "#0"},
				"east": {"uv": [12, 7, 15, 9], "texture": "#0"},
				"south": {"uv": [12, 7, 15, 9], "texture": "#0"},
				"west": {"uv": [1, 7, 4, 9], "texture": "#0"},
				"up": {"uv": [12, 1, 15, 4], "texture": "#0"},
				"down": {"uv": [12, 12, 15, 15], "texture": "#0"}
			}
		},
		{
			"from": [1, 7, 1],
			"to": [4, 9, 4],
			"faces": {
				"north": {"uv": [12, 7, 15, 9], "texture": "#0"},
				"east": {"uv": [12, 7, 15, 9], "texture": "#0"},
				"south": {"uv": [1, 7, 4, 9], "texture": "#0"},
				"west": {"uv": [1, 7, 4, 9], "texture": "#0"},
				"up": {"uv": [1, 1, 4, 4], "texture": "#0"},
				"down": {"uv": [1, 12, 4, 15], "texture": "#0"}
			}
		},
		{
			"from": [12, 12, 7],
			"to": [15, 15, 9],
			"faces": {
				"north": {"uv": [1, 1, 4, 4], "texture": "#0"},
				"east": {"uv": [7, 1, 9, 4], "texture": "#0"},
				"south": {"uv": [12, 1, 15, 4], "texture": "#0"},
				"west": {"uv": [7, 1, 9, 4], "texture": "#0"},
				"up": {"uv": [12, 7, 15, 9], "texture": "#0"},
				"down": {"uv": [12, 7, 15, 9], "texture": "#0"}
			}
		},
		{
			"from": [7, 12, 12],
			"to": [9, 15, 15],
			"faces": {
				"north": {"uv": [7, 1, 9, 4], "texture": "#0"},
				"east": {"uv": [1, 1, 4, 4], "texture": "#0"},
				"south": {"uv": [7, 1, 9, 4], "texture": "#0"},
				"west": {"uv": [12, 1, 15, 4], "texture": "#0"},
				"up": {"uv": [7, 12, 9, 15], "texture": "#0"},
				"down": {"uv": [7, 1, 9, 4], "texture": "#0"}
			}
		},
		{
			"from": [7, 12, 1],
			"to": [9, 15, 4],
			"faces": {
				"north": {"uv": [7, 1, 9, 4], "texture": "#0"},
				"east": {"uv": [12, 1, 15, 4], "texture": "#0"},
				"south": {"uv": [7, 1, 9, 4], "texture": "#0"},
				"west": {"uv": [1, 1, 4, 4], "texture": "#0"},
				"up": {"uv": [7, 1, 9, 4], "texture": "#0"},
				"down": {"uv": [7, 12, 9, 15], "texture": "#0"}
			}
		},
		{
			"from": [1, 12, 7],
			"to": [4, 15, 9],
			"faces": {
				"north": {"uv": [12, 1, 15, 4], "texture": "#0"},
				"east": {"uv": [7, 1, 9, 4], "texture": "#0"},
				"south": {"uv": [1, 1, 4, 4], "texture": "#0"},
				"west": {"uv": [7, 1, 9, 4], "texture": "#0"},
				"up": {"uv": [1, 7, 4, 9], "texture": "#0"},
				"down": {"uv": [1, 7, 4, 9], "texture": "#0"}
			}
		},
		{
			"from": [12, 1, 7],
			"to": [15, 4, 9],
			"faces": {
				"north": {"uv": [1, 12, 4, 15], "texture": "#0"},
				"east": {"uv": [7, 12, 9, 15], "texture": "#0"},
				"south": {"uv": [12, 12, 15, 15], "texture": "#0"},
				"west": {"uv": [7, 12, 9, 15], "texture": "#0"},
				"up": {"uv": [12, 7, 15, 9], "texture": "#0"},
				"down": {"uv": [12, 7, 15, 9], "texture": "#0"}
			}
		},
		{
			"from": [7, 1, 1],
			"to": [9, 4, 4],
			"faces": {
				"north": {"uv": [7, 12, 9, 15], "texture": "#0"},
				"east": {"uv": [12, 12, 15, 15], "texture": "#0"},
				"south": {"uv": [7, 12, 9, 15], "texture": "#0"},
				"west": {"uv": [1, 12, 4, 15], "texture": "#0"},
				"up": {"uv": [7, 1, 9, 4], "texture": "#0"},
				"down": {"uv": [7, 12, 9, 15], "texture": "#0"}
			}
		},
		{
			"from": [7, 1, 12],
			"to": [9, 4, 15],
			"faces": {
				"north": {"uv": [7, 12, 9, 15], "texture": "#0"},
				"east": {"uv": [1, 12, 4, 15], "texture": "#0"},
				"south": {"uv": [7, 12, 9, 15], "texture": "#0"},
				"west": {"uv": [12, 12, 15, 15], "texture": "#0"},
				"up": {"uv": [7, 12, 9, 15], "texture": "#0"},
				"down": {"uv": [7, 1, 9, 4], "texture": "#0"}
			}
		},
		{
			"from": [1, 1, 7],
			"to": [4, 4, 9],
			"faces": {
				"north": {"uv": [12, 12, 15, 15], "texture": "#0"},
				"east": {"uv": [7, 12, 9, 15], "texture": "#0"},
				"south": {"uv": [1, 12, 4, 15], "texture": "#0"},
				"west": {"uv": [7, 12, 9, 15], "texture": "#0"},
				"up": {"uv": [1, 7, 4, 9], "texture": "#0"},
				"down": {"uv": [1, 7, 4, 9], "texture": "#0"}
			}
		},
		{
			"from": [14, 2, 2],
			"to": [16, 14, 14],
			"faces": {
				"east": {"uv": [2, 2, 14, 14], "texture": "#2"},
				"west": {"uv": [2, 2, 14, 14], "texture": "#2"}
			}
		},
		{
			"from": [2, 2, 14],
			"to": [14, 14, 16],
			"faces": {
				"north": {"uv": [2, 2, 14, 14], "texture": "#2"},
				"south": {"uv": [2, 2, 14, 14], "texture": "#2"}
			}
		},
		{
			"from": [2, 2, 0],
			"to": [14, 14, 2],
			"faces": {
				"north": {"uv": [2, 2, 14, 14], "texture": "#2"},
				"south": {"uv": [2, 2, 14, 14], "texture": "#2"}
			}
		},
		{
			"from": [0, 2, 2],
			"to": [2, 14, 14],
			"faces": {
				"east": {"uv": [2, 2, 14, 14], "texture": "#2"},
				"west": {"uv": [2, 2, 14, 14], "texture": "#2"}
			}
		}
	],
	"display": {
		"thirdperson_righthand": {
			"rotation": [75, 45, 0],
			"translation": [0, 2.5, 0],
			"scale": [0.375, 0.375, 0.375]
		},
		"thirdperson_lefthand": {
			"rotation": [75, 45, 0],
			"translation": [0, 2.5, 0],
			"scale": [0.375, 0.375, 0.375]
		},
		"firstperson_righthand": {
			"rotation": [0, 45, 0],
			"scale": [0.4, 0.4, 0.4]
		},
		"firstperson_lefthand": {
			"rotation": [0, 225, 0],
			"scale": [0.4, 0.4, 0.4]
		},
		"ground": {
			"translation": [0, 3, 0],
			"scale": [0.25, 0.25, 0.25]
		},
		"gui": {
			"rotation": [30, 225, 0],
			"scale": [0.625, 0.625, 0.625]
		},
		"fixed": {
			"scale": [0.5, 0.5, 0.5]
		}
	},
	"groups": [
		{
			"name": "top",
			"origin": [8, 8, 8],
			"color": 0,
			"children": [0, 1, 2, 3]
		},
		{
			"name": "edge",
			"origin": [8, 8, 8],
			"color": 0,
			"children": [4, 5, 6, 7]
		},
		{
			"name": "bottom",
			"origin": [8, 8, 8],
			"color": 0,
			"children": [8, 9, 10, 11]
		},
		{
			"name": "holders",
			"origin": [8, 8, 8],
			"color": 0,
			"children": [
				{
					"name": "side",
					"origin": [8, 8, 8],
					"color": 0,
					"children": [12, 13, 14, 15]
				},
				{
					"name": "top",
					"origin": [8, 8, 8],
					"color": 0,
					"children": [16, 17, 18, 19]
				},
				{
					"name": "bottom",
					"origin": [8, 8, 8],
					"color": 0,
					"children": [20, 21, 22, 23]
				}
			]
		},
		{
			"name": "glass",
			"origin": [8, 8, 8],
			"color": 0,
			"children": [24, 25, 26, 27]
		}
	]
}