{
	"textures": {
		"0": "adchimneys:block/metal",
		"1": "adchimneys:block/iron_chimney_top",
		"particle": "adchimneys:block/iron_chimney"
	},
	"elements": [
		{
			"from": [0, 0, 0],
			"to": [16, 16, 2],
			"faces": {
				"north": {"uv": [0, 0, 16, 16], "texture": "#1", "cullface": "north"},
				"east": {"uv": [14, 0, 16, 16], "texture": "#1", "cullface": "east"},
				"south": {"uv": [0, 0, 16, 16], "texture": "#1"},
				"west": {"uv": [0, 0, 2, 16], "texture": "#1", "cullface": "west"},
				"up": {"uv": [0, 0, 16, 2], "texture": "#0", "cullface": "up"},
				"down": {"uv": [0, 14, 16, 16], "texture": "#0", "cullface": "up"}
			}
		}
	]
}