{
	"textures": {
		"particle": "adpother:item/aerometer",
		"layer0": "adpother:item/aerometer"
	},
	"elements": [
		{
			"from": [0, 0, 5.5],
			"to": [16, 16, 6.5],
			"rotation": {"angle": 0, "axis": "y", "origin": [8, 8, 8]},
			"faces": {
				"north": {"uv": [16, 0, 0, 16], "texture": "#layer0"},
				"south": {"uv": [0, 0, 16, 16], "texture": "#layer0"}
			}
		},
		{
			"from": [0, 0, 5.5],
			"to": [1, 16, 6.5],
			"rotation": {"angle": 0, "axis": "y", "origin": [8, 8, 8]},
			"faces": {
				"east": {"uv": [0, 0, 1, 16], "texture": "#layer0"},
				"west": {"uv": [0, 0, 1, 16], "texture": "#layer0"}
			}
		},
		{
			"from": [1, 0, 5.5],
			"to": [2, 16, 6.5],
			"rotation": {"angle": 0, "axis": "y", "origin": [8, 8, 8]},
			"faces": {
				"east": {"uv": [1, 0, 2, 16], "texture": "#layer0"},
				"west": {"uv": [1, 0, 2, 16], "texture": "#layer0"}
			}
		},
		{
			"from": [2, 0, 5.5],
			"to": [3, 16, 6.5],
			"rotation": {"angle": 0, "axis": "y", "origin": [8, 8, 8]},
			"faces": {
				"east": {"uv": [2, 0, 3, 16], "texture": "#layer0"},
				"west": {"uv": [2, 0, 3, 16], "texture": "#layer0"}
			}
		},
		{
			"from": [3, 0, 5.5],
			"to": [4, 16, 6.5],
			"rotation": {"angle": 0, "axis": "y", "origin": [8, 8, 8]},
			"faces": {
				"east": {"uv": [3, 0, 4, 16], "texture": "#layer0"},
				"west": {"uv": [3, 0, 4, 16], "texture": "#layer0"}
			}
		},
		{
			"from": [4, 0, 5.5],
			"to": [5, 16, 6.5],
			"rotation": {"angle": 0, "axis": "y", "origin": [8, 8, 8]},
			"faces": {
				"east": {"uv": [4, 0, 5, 16], "texture": "#layer0"},
				"west": {"uv": [4, 0, 5, 16], "texture": "#layer0"}
			}
		},
		{
			"from": [5, 0, 5.5],
			"to": [6, 16, 6.5],
			"rotation": {"angle": 0, "axis": "y", "origin": [8, 8, 8]},
			"faces": {
				"east": {"uv": [5, 0, 6, 16], "texture": "#layer0"},
				"west": {"uv": [5, 0, 6, 16], "texture": "#layer0"}
			}
		},
		{
			"from": [6, 0, 5.5],
			"to": [7, 16, 6.5],
			"rotation": {"angle": 0, "axis": "y", "origin": [8, 8, 8]},
			"faces": {
				"east": {"uv": [6, 0, 7, 16], "texture": "#layer0"},
				"west": {"uv": [6, 0, 7, 16], "texture": "#layer0"}
			}
		},
		{
			"from": [7, 0, 5.5],
			"to": [8, 16, 6.5],
			"rotation": {"angle": 0, "axis": "y", "origin": [8, 8, 8]},
			"faces": {
				"east": {"uv": [7, 0, 8, 16], "texture": "#layer0"},
				"west": {"uv": [7, 0, 8, 16], "texture": "#layer0"}
			}
		},
		{
			"from": [8, 0, 5.5],
			"to": [9, 16, 6.5],
			"rotation": {"angle": 0, "axis": "y", "origin": [8, 8, 8]},
			"faces": {
				"east": {"uv": [8, 0, 9, 16], "texture": "#layer0"},
				"west": {"uv": [8, 0, 9, 16], "texture": "#layer0"}
			}
		},
		{
			"from": [9, 0, 5.5],
			"to": [10, 16, 6.5],
			"rotation": {"angle": 0, "axis": "y", "origin": [8, 8, 8]},
			"faces": {
				"east": {"uv": [9, 0, 10, 16], "texture": "#layer0"},
				"west": {"uv": [9, 0, 10, 16], "texture": "#layer0"}
			}
		},
		{
			"from": [10, 0, 5.5],
			"to": [11, 16, 6.5],
			"rotation": {"angle": 0, "axis": "y", "origin": [8, 8, 8]},
			"faces": {
				"east": {"uv": [10, 0, 11, 16], "texture": "#layer0"},
				"west": {"uv": [10, 0, 11, 16], "texture": "#layer0"}
			}
		},
		{
			"from": [11, 0, 5.5],
			"to": [12, 16, 6.5],
			"rotation": {"angle": 0, "axis": "y", "origin": [8, 8, 8]},
			"faces": {
				"east": {"uv": [11, 0, 12, 16], "texture": "#layer0"},
				"west": {"uv": [11, 0, 12, 16], "texture": "#layer0"}
			}
		},
		{
			"from": [12, 0, 5.5],
			"to": [13, 16, 6.5],
			"rotation": {"angle": 0, "axis": "y", "origin": [8, 8, 8]},
			"faces": {
				"east": {"uv": [12, 0, 13, 16], "texture": "#layer0"},
				"west": {"uv": [12, 0, 13, 16], "texture": "#layer0"}
			}
		},
		{
			"from": [13, 0, 5.5],
			"to": [14, 16, 6.5],
			"rotation": {"angle": 0, "axis": "y", "origin": [8, 8, 8]},
			"faces": {
				"east": {"uv": [13, 0, 14, 16], "texture": "#layer0"},
				"west": {"uv": [13, 0, 14, 16], "texture": "#layer0"}
			}
		},
		{
			"from": [14, 0, 5.5],
			"to": [15, 16, 6.5],
			"rotation": {"angle": 0, "axis": "y", "origin": [8, 8, 8]},
			"faces": {
				"east": {"uv": [14, 0, 15, 16], "texture": "#layer0"},
				"west": {"uv": [14, 0, 15, 16], "texture": "#layer0"}
			}
		},
		{
			"from": [15, 0, 5.5],
			"to": [16, 16, 6.5],
			"rotation": {"angle": 0, "axis": "y", "origin": [8, 8, 8]},
			"faces": {
				"east": {"uv": [15, 0, 16, 16], "texture": "#layer0"},
				"west": {"uv": [15, 0, 16, 16], "texture": "#layer0"}
			}
		},
		{
			"from": [0, 15, 5.5],
			"to": [16, 16, 6.5],
			"faces": {
				"up": {"uv": [0, 0, 16, 1], "texture": "#layer0"},
				"down": {"uv": [0, 0, 16, 1], "texture": "#layer0"}
			}
		},
		{
			"from": [0, 14, 5.5],
			"to": [16, 15, 6.5],
			"faces": {
				"up": {"uv": [0, 1, 16, 2], "texture": "#layer0"},
				"down": {"uv": [0, 1, 16, 2], "texture": "#layer0"}
			}
		},
		{
			"from": [0, 13, 5.5],
			"to": [16, 14, 6.5],
			"faces": {
				"up": {"uv": [0, 2, 16, 3], "texture": "#layer0"},
				"down": {"uv": [0, 2, 16, 3], "texture": "#layer0"}
			}
		},
		{
			"from": [0, 12, 5.5],
			"to": [16, 13, 6.5],
			"faces": {
				"up": {"uv": [0, 3, 16, 4], "texture": "#layer0"},
				"down": {"uv": [0, 3, 16, 4], "texture": "#layer0"}
			}
		},
		{
			"from": [0, 8, 5.5],
			"to": [16, 9, 6.5],
			"faces": {
				"up": {"uv": [0, 7, 16, 8], "texture": "#layer0"},
				"down": {"uv": [0, 7, 16, 8], "texture": "#layer0"}
			}
		},
		{
			"from": [0, 11, 5.5],
			"to": [16, 12, 6.5],
			"faces": {
				"up": {"uv": [0, 4, 16, 5], "texture": "#layer0"},
				"down": {"uv": [0, 4, 16, 5], "texture": "#layer0"}
			}
		},
		{
			"from": [0, 10, 5.5],
			"to": [16, 11, 6.5],
			"faces": {
				"up": {"uv": [0, 5, 16, 6], "texture": "#layer0"},
				"down": {"uv": [0, 5, 16, 6], "texture": "#layer0"}
			}
		},
		{
			"from": [0, 9, 5.5],
			"to": [16, 10, 6.5],
			"faces": {
				"up": {"uv": [0, 6, 16, 7], "texture": "#layer0"},
				"down": {"uv": [0, 6, 16, 7], "texture": "#layer0"}
			}
		},
		{
			"from": [0, 4, 5.5],
			"to": [16, 5, 6.5],
			"faces": {
				"up": {"uv": [0, 11, 16, 12], "texture": "#layer0"},
				"down": {"uv": [0, 11, 16, 12], "texture": "#layer0"}
			}
		},
		{
			"from": [0, 7, 5.5],
			"to": [16, 8, 6.5],
			"faces": {
				"up": {"uv": [0, 8, 16, 9], "texture": "#layer0"},
				"down": {"uv": [0, 8, 16, 9], "texture": "#layer0"}
			}
		},
		{
			"from": [0, 6, 5.5],
			"to": [16, 7, 6.5],
			"faces": {
				"up": {"uv": [0, 9, 16, 10], "texture": "#layer0"},
				"down": {"uv": [0, 9, 16, 10], "texture": "#layer0"}
			}
		},
		{
			"from": [0, 5, 5.5],
			"to": [16, 6, 6.5],
			"faces": {
				"up": {"uv": [0, 10, 16, 11], "texture": "#layer0"},
				"down": {"uv": [0, 10, 16, 11], "texture": "#layer0"}
			}
		},
		{
			"from": [0, 0, 5.5],
			"to": [16, 1, 6.5],
			"faces": {
				"up": {"uv": [0, 15, 16, 16], "texture": "#layer0"},
				"down": {"uv": [0, 15, 16, 16], "texture": "#layer0"}
			}
		},
		{
			"from": [0, 3, 5.5],
			"to": [16, 4, 6.5],
			"faces": {
				"up": {"uv": [0, 12, 16, 13], "texture": "#layer0"},
				"down": {"uv": [0, 12, 16, 13], "texture": "#layer0"}
			}
		},
		{
			"from": [0, 2, 5.5],
			"to": [16, 3, 6.5],
			"faces": {
				"up": {"uv": [0, 13, 16, 14], "texture": "#layer0"},
				"down": {"uv": [0, 13, 16, 14], "texture": "#layer0"}
			}
		},
		{
			"from": [0, 1, 5.5],
			"to": [16, 2, 6.5],
			"faces": {
				"up": {"uv": [0, 14, 16, 15], "texture": "#layer0"},
				"down": {"uv": [0, 14, 16, 15], "texture": "#layer0"}
			}
		}
	],
	"gui_light": "front",
	"display": {
		"thirdperson_righthand": {
			"translation": [0, 2, 1],
			"scale": [0.55, 0.55, 0.55]
		},
		"thirdperson_lefthand": {
			"translation": [0, 2, 1],
			"scale": [0.55, 0.55, 0.55]
		},
		"firstperson_righthand": {
			"rotation": [-45, -25, 0],
			"translation": [1.13, 2, 0],
			"scale": [0.55, 0.55, 0.55]
		},
		"firstperson_lefthand": {
			"rotation": [-45, -25, 0],
			"translation": [1.13, 2, 0],
			"scale": [0.55, 0.55, 0.55]
		},
		"ground": {
			"translation": [0, 4, 0],
			"scale": [0.5, 0.5, 0.5]
		},
		"gui": {
			"scale": [1, 1, 1]
		},
		"head": {
			"rotation": [90, 180, 180],
			"translation": [0, 8.5, 0]
		},
		"fixed": {
			"translation": [0, 0, -1.5]
		}
	},
	"overrides": [
		{
			"predicate": {
				"adpother:state": -1
			},
			"model": "adpother:item/aerometer_broken"
		},
		{
			"predicate": {
				"adpother:state": 0
			},
			"model": "adpother:item/aerometer"
		},
		{
			"predicate": {
				"adpother:state": 1
			},
			"model": "adpother:item/aerometer_green"
		},
		{
			"predicate": {
				"adpother:state": 2
			},
			"model": "adpother:item/aerometer_yellow"
		},
		{
			"predicate": {
				"adpother:state": 3
			},
			"model": "adpother:item/aerometer_red"
		}
	]
}