{
	"textures": {
		"0": "adpother:item/diamond_vaccum_bag",
		"particle": "adpother:item/diamond_vaccum_bag"
	},
	"elements": [
		{
			"name": "clasp front",
			"from": [6.2, -14.3, 3.1],
			"to": [9.8, -11, 4.1],
			"faces": {
				"north": {"uv": [0.25, 10, 0.75, 11], "texture": "#0"},
				"east": {"uv": [0, 10, 0.25, 11], "texture": "#0"},
				"south": {"uv": [0.25, 10, 0.75, 11], "texture": "#0"},
				"west": {"uv": [0.75, 10, 1, 11], "texture": "#0"},
				"up": {"uv": [0.25, 9.5, 0.75, 10], "rotation": 180, "texture": "#0"},
				"down": {"uv": [0.75, 9.5, 1.25, 10], "rotation": 180, "texture": "#0"}
			}
		},
		{
			"from": [1, -16, 12],
			"to": [15, -6.2, 20],
			"faces": {
				"north": {"uv": [10, 5.5, 12, 8.5], "texture": "#0"},
				"east": {"uv": [9, 5.5, 10, 8.5], "texture": "#0"},
				"south": {"uv": [7, 5.5, 9, 8.5], "texture": "#0"},
				"west": {"uv": [7, 5.5, 6, 8.5], "texture": "#0"},
				"up": {"uv": [7, 3.5, 9, 5.5], "texture": "#0"},
				"down": {"uv": [9, 3.5, 11, 5.5], "texture": "#0"}
			}
		},
		{
			"from": [2.7, -6.2, 12],
			"to": [13.3, 0.4, 18],
			"faces": {
				"north": {"uv": [9, 1.5, 10.5, 3.5], "texture": "#0"},
				"east": {"uv": [8.25, 1.5, 9, 3.5], "texture": "#0"},
				"south": {"uv": [6.75, 1.5, 8.25, 3.5], "texture": "#0"},
				"west": {"uv": [6, 1.5, 6.75, 3.5], "texture": "#0"},
				"up": {"uv": [6.75, 0, 8.25, 1.5], "texture": "#0"}
			}
		},
		{
			"from": [6.2, -3.1, 18],
			"to": [9.8, 0.5, 19],
			"faces": {
				"east": {"uv": [0.75, 8.5, 1, 9.5], "texture": "#0"},
				"south": {"uv": [0.25, 8.5, 0.75, 9.5], "texture": "#0"},
				"west": {"uv": [0, 8.5, 0.25, 9.5], "texture": "#0"},
				"up": {"uv": [0.25, 8, 0.75, 8.5], "texture": "#0"},
				"down": {"uv": [0.75, 8, 1.25, 8.5], "texture": "#0"}
			}
		},
		{
			"from": [6.2, -16, 20],
			"to": [9.8, -12.6, 21],
			"faces": {
				"east": {"uv": [0.75, 11.5, 1, 12.5], "texture": "#0"},
				"south": {"uv": [0.25, 11.5, 0.75, 12.5], "texture": "#0"},
				"west": {"uv": [0, 11.5, 0.25, 12.5], "texture": "#0"},
				"up": {"uv": [0.25, 11, 0.75, 11.5], "texture": "#0"},
				"down": {"uv": [0.75, 11, 1.25, 11.5], "texture": "#0"}
			}
		},
		{
			"from": [1, -16, 4],
			"to": [15, 2, 12],
			"faces": {
				"north": {"uv": [1, 2, 3, 7.5], "texture": "#0"},
				"east": {"uv": [0, 2, 1, 7.5], "texture": "#0"},
				"south": {"uv": [4, 2, 6, 7.5], "texture": "#0"},
				"west": {"uv": [3, 2, 4, 7.5], "texture": "#0"},
				"up": {"uv": [1, 0, 3, 2], "texture": "#0"}
			}
		},
		{
			"from": [1, -16, 12],
			"to": [15, 2, 4],
			"faces": {
				"north": {"uv": [4, 2, 6, 7.5], "texture": "#0"},
				"east": {"uv": [0, 2, 1, 7.5], "texture": "#0"},
				"south": {"uv": [1, 2, 3, 7.5], "texture": "#0"},
				"west": {"uv": [3, 2, 4, 7.5], "texture": "#0"},
				"up": {"uv": [1, 0, 3, 2], "texture": "#0"}
			}
		}
	],
	"gui_light": "front",
	"display": {
		"thirdperson_righthand": {
			"translation": [0, 12, -5.5],
			"scale": [0.55, 0.55, 0.55]
		},
		"thirdperson_lefthand": {
			"translation": [0, 12, -5.5],
			"scale": [0.55, 0.55, 0.55]
		},
		"firstperson_righthand": {
			"rotation": [-45, 0, 0],
			"translation": [5.5, 1.5, -14],
			"scale": [0.68, 0.68, 0.68]
		},
		"firstperson_lefthand": {
			"rotation": [-45, 0, 0],
			"translation": [5.5, 1.5, -14],
			"scale": [0.68, 0.68, 0.68]
		},
		"ground": {
			"translation": [0, 12, 0],
			"scale": [0.5, 0.5, 0.5]
		},
		"gui": {
			"rotation": [27.43, -45.14, 0],
			"translation": [1.75, 9.25, 0],
			"scale": [0.625, 0.625, 0.625]
		},
		"fixed": {
			"rotation": [0, 180, 0],
			"translation": [0, 15, 2]
		}
	}
}