{
  "variants": {
    "": [
      { "model": "minecraft:block/dead_bush",           "weight": 8 },
      { "model": "minecraft:block/desert_bush",         "weight": 2 },
      { "model": "minecraft:block/desert_cactus_bulb",  "weight": 2 },
      { "model": "minecraft:block/desert_dead_grass",   "weight": 3 },
      { "model": "minecraft:block/desert_grass",        "weight": 2 },
      { "model": "minecraft:block/desert_tumbleweed",   "weight": 4 },
	  
      { "model": "minecraft:block/desert_cactus_bulb2", "weight": 2 },
      { "model": "minecraft:block/dead_bush2",          "weight": 4 },
	  
      { "model": "minecraft:block/dead_bush_skull",     "weight": 1 }
    ]
  }
}