{
  "multipart": [
    {
      "apply": [
		{ "model": "minecraft:block/potted_bamboo" },
		{ "model": "minecraft:block/potted_bamboo" },
		{ "model": "minecraft:block/potted_bamboo_22" },
		{ "model": "minecraft:block/potted_bamboo_-22" },
		{ "model": "minecraft:block/potted_bamboo_45" },
		{ "model": "minecraft:block/potted_bamboo", "y": 90 },
		{ "model": "minecraft:block/potted_bamboo_22", "y": 90 },
		{ "model": "minecraft:block/potted_bamboo_-22", "y": 90 },
		{ "model": "minecraft:block/potted_bamboo_45", "y": 90 },
		{ "model": "minecraft:block/potted_bamboo", "y": 180 },
		{ "model": "minecraft:block/potted_bamboo_22", "y": 180 },
		{ "model": "minecraft:block/potted_bamboo_-22", "y": 180 },
		{ "model": "minecraft:block/potted_bamboo_45", "y": 180 },
		{ "model": "minecraft:block/potted_bamboo", "y": 270 },
		{ "model": "minecraft:block/potted_bamboo_22", "y": 270 },
		{ "model": "minecraft:block/potted_bamboo_-22", "y": 270 },
		{ "model": "minecraft:block/potted_bamboo_45", "y": 270 }
      ]
	},
	{
      "apply": [
		{ "model": "minecraft:block/flower_pot_bamboo_0" },
		{ "model": "minecraft:block/flower_pot_bamboo_22" },
		{ "model": "minecraft:block/flower_pot_bamboo_-22" },
		{ "model": "minecraft:block/flower_pot_bamboo_45" }
      ]
    }
  ]
}