{
	"credit": "Made with Blockbench",
	"parent": "block/block",
	"textures": {
		"side": "block/bamboo_stairs"
	},
	"elements": [
		{
			"from": [0, 0, 0],
			"to": [16, 0, 16],
			"faces": {
				"down": {"uv": [0, 0, 16, 16], "texture": "#side", "cullface": "down"}
			}
		}
	],
	"groups": [
		{
			"name": "bamboo_stairs_face",
			"origin": [8, 8, 8],
			"color": 0,
			"children": [
				{
					"name": "orientable_stairs_face",
					"origin": [8, 8, 8],
					"color": 0,
					"children": [0]
				}
			]
		}
	]
}