{
	"credit": "Made with Blockbench",
	"textures": {
		"texture": "block/bamboo_fence",
		"log": "block/bamboo_post",
		"particle": "block/bamboo_block"
	},
	"elements": [
		{
			"name": "Center post",
			"from": [6, 0, 6],
			"to": [10, 16, 10],
			"faces": {
				"north": {"uv": [0, 0, 4, 16], "texture": "#texture"},
				"east": {"uv": [0, 0, 4, 16], "texture": "#texture"},
				"south": {"uv": [0, 0, 4, 16], "texture": "#texture"},
				"west": {"uv": [0, 0, 4, 16], "texture": "#texture"},
				"up": {"uv": [4, 0, 8, 4], "texture": "#log", "cullface": "up"},
				"down": {"uv": [4, 0, 8, 4], "texture": "#log", "cullface": "down"}
			}
		}
	],
	"groups": [
		{
			"name": "oak_fence_post",
			"origin": [8, 8, 8],
			"color": 0,
			"children": [0]
		}
	]
}