{
	"credit": "Made with Blockbench",
	"parent": "block/block",
	"textures": {
		"2": "block/bamboo_stairs_side",
		"particle": "block/bamboo_stairs",
		"top": "block/bamboo_stairs"
	},
	"elements": [
		{
			"from": [0, 0, 0],
			"to": [16, 8, 16],
			"rotation": {"angle": 0, "axis": "y", "origin": [8, 8, 8]},
			"faces": {
				"north": {"uv": [0, 8, 16, 16], "texture": "#2", "cullface": "north"},
				"south": {"uv": [0, 8, 16, 16], "texture": "#2", "cullface": "south"},
				"west": {"uv": [0, 0, 16, 8], "texture": "#top", "cullface": "west"}
			}
		},
		{
			"from": [0, 0, 0],
			"to": [8, 8, 16],
			"rotation": {"angle": 0, "axis": "y", "origin": [8, 8, 8]},
			"faces": {
				"up": {"uv": [0, 8, 16, 0], "rotation": 90, "texture": "#top"}
			}
		},
		{
			"from": [8, 8, 0],
			"to": [16, 16, 16],
			"rotation": {"angle": 0, "axis": "y", "origin": [8, 8, 8]},
			"faces": {
				"north": {"uv": [0, 0, 8, 8], "texture": "#2", "cullface": "north"},
				"south": {"uv": [8, 0, 16, 8], "texture": "#2", "cullface": "south"},
				"west": {"uv": [0, 8, 16, 16], "texture": "#top"},
				"up": {"uv": [0, 16, 16, 8], "rotation": 90, "texture": "#top", "cullface": "up"}
			}
		}
	],
	"display": {
		"fixed": {
			"rotation": [-90, 0, 0],
			"translation": [0, 0, -14],
			"scale": [2, 2, 2]
		}
	},
	"groups": [
		{
			"name": "bamboo_stairs_alt",
			"origin": [8, 8, 8],
			"color": 0,
			"children": [0, 1, 2]
		}
	]
}