{
	"credit": "Made with Blockbench",
	"parent": "block/block",
	"ambientocclusion": false,
	"texture_size": [16, 32],
	"textures": {
		"2": "block/big_dripleaf_tip",
		"particle": "block/big_dripleaf_top",
		"top": "block/big_dripleaf_top",
		"stem": "block/big_dripleaf_stem"
	},
	"elements": [
		{
			"from": [3, 0, 12],
			"to": [13, 13, 12],
			"shade": false,
			"rotation": {"angle": 0, "axis": "y", "origin": [8, 8, 12], "rescale": true},
			"faces": {
				"north": {"uv": [0, 1.5, 16, 8], "texture": "#stem"},
				"south": {"uv": [0, 1.5, 16, 8], "texture": "#stem"}
			}
		},
		{
			"from": [0, 15, 0],
			"to": [16, 15, 16],
			"shade": false,
			"rotation": {"angle": -22.5, "axis": "x", "origin": [8, 15, 16]},
			"faces": {
				"up": {"uv": [0, 0, 16, 16], "texture": "#top"},
				"down": {"uv": [16, 16, 0, 0], "texture": "#top"}
			}
		},
		{
			"from": [0, 4.86018, 1.23357],
			"to": [16, 8.86018, 1.23357],
			"shade": false,
			"rotation": {"angle": 0, "axis": "x", "origin": [8, 8.82931, 1.18329]},
			"faces": {
				"north": {"uv": [0, 0, 16, 4], "texture": "#2"},
				"south": {"uv": [0, 0, 16, 4], "texture": "#2"}
			}
		}
	]
}