{
	"parent": "block/block",
	"ambientocclusion": false,
	"textures": {
		"particle": "block/birch_fence_gate",
		"1_texture": "block/birch_fence_gate"
	},
	"elements": [
		{
			"from": [0, 1, 6.75],
			"to": [2, 14, 9.25],
			"rotation": {"angle": 0, "axis": "y", "origin": [1, 0, 8]},
			"faces": {
				"north": {"uv": [14, 2, 16, 15], "texture": "#1_texture"},
				"east": {"uv": [14, 2, 16, 15], "texture": "#1_texture"},
				"south": {"uv": [0, 2, 2, 15], "texture": "#1_texture"},
				"west": {"uv": [14, 2, 16, 15], "texture": "#1_texture"},
				"up": {"uv": [14, 2, 16, 4], "texture": "#1_texture"},
				"down": {"uv": [14, 13, 16, 15], "rotation": 180, "texture": "#1_texture"}
			}
		},
		{
			"from": [3, 1, 7],
			"to": [5, 15, 9],
			"rotation": {"angle": 0, "axis": "y", "origin": [1, 0, 8]},
			"faces": {
				"north": {"uv": [11, 1, 13, 15], "texture": "#1_texture"},
				"east": {"uv": [11, 1, 13, 15], "texture": "#1_texture"},
				"south": {"uv": [3, 1, 5, 15], "texture": "#1_texture"},
				"west": {"uv": [11, 1, 13, 15], "texture": "#1_texture"},
				"up": {"uv": [11, 1, 13, 3], "texture": "#1_texture"},
				"down": {"uv": [11, 13, 13, 15], "rotation": 180, "texture": "#1_texture"}
			}
		},
		{
			"from": [7, 1, 7],
			"to": [8, 16, 9],
			"rotation": {"angle": 0, "axis": "y", "origin": [1, 0, 8]},
			"faces": {
				"north": {"uv": [8, 0, 9, 15], "texture": "#1_texture"},
				"east": {"uv": [7, 0, 9, 15], "texture": "#1_texture"},
				"south": {"uv": [7, 0, 8, 15], "texture": "#1_texture"},
				"west": {"uv": [7, 0, 9, 15], "texture": "#1_texture"},
				"up": {"uv": [8, 0, 9, 2], "texture": "#1_texture"},
				"down": {"uv": [8, 13, 9, 15], "rotation": 180, "texture": "#1_texture"}
			}
		},
		{
			"from": [2, 2, 7.25],
			"to": [8, 4, 8.75],
			"rotation": {"angle": 0, "axis": "y", "origin": [1, 0, 8]},
			"faces": {
				"north": {"uv": [8, 11, 14, 13], "texture": "#1_texture"},
				"south": {"uv": [2, 11, 8, 13], "texture": "#1_texture"},
				"up": {"uv": [8, 11, 14, 13], "texture": "#1_texture"},
				"down": {"uv": [2, 11, 8, 13], "texture": "#1_texture"}
			}
		},
		{
			"from": [2, 11, 7.25],
			"to": [8, 13, 8.75],
			"rotation": {"angle": 0, "axis": "y", "origin": [1, 0, 8]},
			"faces": {
				"north": {"uv": [8, 3, 14, 5], "texture": "#1_texture"},
				"south": {"uv": [2, 3, 8, 5], "texture": "#1_texture"},
				"up": {"uv": [8, 3, 14, 5], "texture": "#1_texture"},
				"down": {"uv": [2, 3, 8, 5], "texture": "#1_texture"}
			}
		},
		{
			"from": [14, 1, 6.75],
			"to": [16, 14, 9.25],
			"rotation": {"angle": 0, "axis": "y", "origin": [1, 0, 8]},
			"faces": {
				"north": {"uv": [0, 2, 2, 15], "texture": "#1_texture"},
				"east": {"uv": [14, 2, 16, 15], "texture": "#1_texture"},
				"south": {"uv": [14, 2, 16, 15], "texture": "#1_texture"},
				"west": {"uv": [14, 2, 16, 15], "texture": "#1_texture"},
				"up": {"uv": [14, 2, 16, 4], "rotation": 180, "texture": "#1_texture"},
				"down": {"uv": [14, 13, 16, 15], "texture": "#1_texture"}
			}
		},
		{
			"from": [11, 1, 7],
			"to": [13, 15, 9],
			"rotation": {"angle": 0, "axis": "y", "origin": [1, 0, 8]},
			"faces": {
				"north": {"uv": [3, 1, 5, 15], "texture": "#1_texture"},
				"east": {"uv": [11, 1, 13, 15], "texture": "#1_texture"},
				"south": {"uv": [11, 1, 13, 15], "texture": "#1_texture"},
				"west": {"uv": [11, 1, 13, 15], "texture": "#1_texture"},
				"up": {"uv": [11, 1, 13, 3], "rotation": 180, "texture": "#1_texture"},
				"down": {"uv": [11, 13, 13, 15], "texture": "#1_texture"}
			}
		},
		{
			"from": [8, 1, 7],
			"to": [9, 16, 9],
			"rotation": {"angle": 0, "axis": "y", "origin": [1, 0, 8]},
			"faces": {
				"north": {"uv": [7, 0, 8, 15], "texture": "#1_texture"},
				"east": {"uv": [7, 0, 9, 15], "texture": "#1_texture"},
				"south": {"uv": [8, 0, 9, 15], "texture": "#1_texture"},
				"west": {"uv": [7, 0, 9, 15], "texture": "#1_texture"},
				"up": {"uv": [8, 0, 9, 2], "rotation": 180, "texture": "#1_texture"},
				"down": {"uv": [8, 13, 9, 15], "texture": "#1_texture"}
			}
		},
		{
			"from": [8, 2, 7.25],
			"to": [14, 4, 8.75],
			"rotation": {"angle": 0, "axis": "y", "origin": [1, 0, 8]},
			"faces": {
				"north": {"uv": [2, 11, 8, 13], "texture": "#1_texture"},
				"south": {"uv": [8, 11, 14, 13], "texture": "#1_texture"},
				"up": {"uv": [8, 11, 14, 13], "rotation": 180, "texture": "#1_texture"},
				"down": {"uv": [2, 11, 8, 13], "rotation": 180, "texture": "#1_texture"}
			}
		},
		{
			"from": [8, 11, 7.25],
			"to": [14, 13, 8.75],
			"rotation": {"angle": 0, "axis": "y", "origin": [1, 0, 8]},
			"faces": {
				"north": {"uv": [2, 3, 8, 5], "texture": "#1_texture"},
				"south": {"uv": [8, 3, 14, 5], "texture": "#1_texture"},
				"up": {"uv": [8, 3, 14, 5], "rotation": 180, "texture": "#1_texture"},
				"down": {"uv": [2, 3, 8, 5], "rotation": 180, "texture": "#1_texture"}
			}
		}
	]
}