{
	"parent": "minecraft:block/block",
	"textures": {
		"0": "block/blast_furnace_bottom",
		"1": "block/blast_furnace_front",
		"2": "block/blast_furnace_side",
		"3": "block/blast_furnace_top",
		"4": "block/blast_furnace_inner",
		"particle": "block/blast_furnace_side"
	},
	"elements": [
		{
			"from": [0, 0, 0],
			"to": [16, 8, 16],
			"faces": {
				"east": {"uv": [0, 8, 16, 16], "texture": "#2", "cullface": "east"},
				"south": {"uv": [0, 8, 16, 16], "texture": "#2", "cullface": "south"},
				"west": {"uv": [0, 8, 16, 16], "texture": "#2", "cullface": "west"},
				"down": {"uv": [0, 0, 16, 16], "texture": "#0", "cullface": "down"}
			}
		},
		{
			"from": [1, 15.5, 1],
			"to": [15, 15.5, 15],
			"faces": {
				"up": {"uv": [1, 1, 15, 15], "texture": "#3", "cullface": "up"}
			}
		},
		{
			"from": [1, 0, 0.5],
			"to": [15, 15, 15.5],
			"faces": {
				"north": {"uv": [1, 1, 15, 16], "texture": "#4", "cullface": "north"},
				"south": {"uv": [1, 1, 15, 16], "texture": "#2", "cullface": "south"}
			}
		},
		{
			"from": [0.5, 8, 1],
			"to": [15.5, 15, 15],
			"faces": {
				"east": {"uv": [1, 1, 15, 8], "texture": "#2", "cullface": "east"},
				"west": {"uv": [1, 1, 15, 8], "texture": "#2", "cullface": "west"}
			}
		},
		{
			"from": [15, 8, 0],
			"to": [16, 16, 1],
			"faces": {
				"north": {"uv": [0, 0, 1, 8], "texture": "#1", "cullface": "north"},
				"east": {"uv": [15, 0, 16, 8], "texture": "#2", "cullface": "east"},
				"south": {"uv": [15, 0, 16, 8], "texture": "#2", "cullface": "east"},
				"west": {"uv": [0, 0, 1, 8], "texture": "#1", "cullface": "north"}
			}
		},
		{
			"from": [15, 8, 15],
			"to": [16, 16, 16],
			"faces": {
				"north": {"uv": [0, 0, 1, 8], "texture": "#2", "cullface": "east"},
				"east": {"uv": [0, 0, 1, 8], "texture": "#2", "cullface": "east"},
				"south": {"uv": [15, 0, 16, 8], "texture": "#2", "cullface": "south"},
				"west": {"uv": [15, 0, 16, 8], "texture": "#2", "cullface": "south"}
			}
		},
		{
			"from": [0, 15, 15],
			"to": [16, 16, 16],
			"faces": {
				"north": {"uv": [0, 0, 16, 1], "texture": "#1", "cullface": "up"},
				"south": {"uv": [0, 0, 16, 1], "texture": "#2", "cullface": "south"},
				"up": {"uv": [0, 15, 16, 16], "texture": "#3", "cullface": "up"},
				"down": {"uv": [0, 0, 16, 1], "texture": "#2", "cullface": "south"}
			}
		},
		{
			"from": [0, 15, 0],
			"to": [16, 16, 1],
			"faces": {
				"north": {"uv": [0, 0, 16, 1], "texture": "#1", "cullface": "north"},
				"south": {"uv": [0, 0, 16, 1], "texture": "#2", "cullface": "up"},
				"up": {"uv": [0, 0, 16, 1], "texture": "#3", "cullface": "up"},
				"down": {"uv": [0, 0, 16, 1], "texture": "#1", "cullface": "north"}
			}
		},
		{
			"from": [15, 15, 1],
			"to": [16, 16, 15],
			"faces": {
				"east": {"uv": [1, 0, 15, 1], "texture": "#2", "cullface": "east"},
				"west": {"uv": [1, 0, 15, 1], "texture": "#2", "cullface": "up"},
				"up": {"uv": [15, 1, 16, 15], "texture": "#3", "cullface": "up"},
				"down": {"uv": [1, 0, 15, 1], "rotation": 90, "texture": "#2", "cullface": "east"}
			}
		},
		{
			"from": [0, 15, 1],
			"to": [1, 16, 15],
			"faces": {
				"east": {"uv": [1, 0, 15, 1], "texture": "#2", "cullface": "up"},
				"west": {"uv": [1, 0, 15, 1], "texture": "#2", "cullface": "west"},
				"up": {"uv": [0, 1, 1, 15], "texture": "#3", "cullface": "up"},
				"down": {"uv": [1, 0, 15, 1], "rotation": 90, "texture": "#2", "cullface": "west"}
			}
		},
		{
			"from": [15, 7, 1],
			"to": [16, 8, 15],
			"faces": {
				"up": {"uv": [1, 8, 15, 9], "rotation": 270, "texture": "#2", "cullface": "east"}
			}
		},
		{
			"from": [0, 7, 15],
			"to": [16, 8, 16],
			"faces": {
				"up": {"uv": [1, 8, 15, 9], "texture": "#2", "cullface": "south"}
			}
		},
		{
			"from": [0, 7, 1],
			"to": [1, 8, 15],
			"faces": {
				"up": {"uv": [1, 8, 15, 9], "rotation": 90, "texture": "#2", "cullface": "west"}
			}
		},
		{
			"from": [0, 8, 0],
			"to": [1, 16, 1],
			"faces": {
				"north": {"uv": [15, 0, 16, 8], "texture": "#1", "cullface": "north"},
				"east": {"uv": [15, 0, 16, 8], "texture": "#1", "cullface": "north"},
				"south": {"uv": [0, 0, 1, 8], "texture": "#2", "cullface": "west"},
				"west": {"uv": [0, 0, 1, 8], "texture": "#2", "cullface": "west"}
			}
		},
		{
			"from": [0, 8, 15],
			"to": [1, 16, 16],
			"faces": {
				"north": {"uv": [15, 0, 16, 8], "texture": "#2", "cullface": "west"},
				"east": {"uv": [0, 0, 1, 8], "texture": "#2", "cullface": "south"},
				"south": {"uv": [0, 0, 1, 8], "texture": "#2", "cullface": "south"},
				"west": {"uv": [15, 0, 16, 8], "texture": "#2", "cullface": "west"}
			}
		},
		{
			"from": [0, 0, 0],
			"to": [16, 4, 1],
			"faces": {
				"north": {"uv": [0, 12, 16, 16], "texture": "#1", "cullface": "north"}
			}
		},
		{
			"from": [11, 4, 0],
			"to": [16, 8, 1],
			"faces": {
				"north": {"uv": [0, 8, 5, 12], "texture": "#1", "cullface": "north"},
				"up": {"uv": [0, 8, 5, 9], "rotation": 180, "texture": "#1", "cullface": "north"}
			}
		},
		{
			"from": [0, 4, 0],
			"to": [5, 8, 1],
			"faces": {
				"north": {"uv": [11, 8, 16, 12], "texture": "#1", "cullface": "north"},
				"up": {"uv": [11, 8, 16, 9], "rotation": 180, "texture": "#1", "cullface": "north"}
			}
		},
		{
			"from": [6, 4, 0],
			"to": [7, 8, 1],
			"faces": {
				"north": {"uv": [9, 8, 10, 12], "texture": "#1", "cullface": "north"}
			}
		},
		{
			"from": [9, 4, 0],
			"to": [10, 8, 1],
			"faces": {
				"north": {"uv": [6, 8, 7, 12], "texture": "#1", "cullface": "north"}
			}
		},
		{
			"from": [9, 8, 0],
			"to": [14, 10, 1],
			"faces": {
				"north": {"uv": [2, 6, 7, 8], "texture": "#1", "cullface": "north"},
				"east": {"uv": [2, 6, 3, 8], "texture": "#1", "cullface": "north"}
			}
		},
		{
			"from": [2, 8, 0],
			"to": [7, 10, 1],
			"faces": {
				"north": {"uv": [9, 6, 14, 8], "texture": "#1", "cullface": "north"},
				"west": {"uv": [13, 6, 14, 8], "texture": "#1", "cullface": "north"}
			}
		},
		{
			"from": [2, 9, 0],
			"to": [14, 10, 1],
			"faces": {
				"north": {"uv": [2, 6, 14, 7], "texture": "#1", "cullface": "north"},
				"up": {"uv": [2, 6, 14, 7], "texture": "#1", "cullface": "north"}
			}
		}
	]
}