{
	"textures": {
		"0": "block/brewing_stand",
		"1": "block/brewing_stand_bottle",
		"particle": "block/brewing_stand"
	},
	"elements": [
		{
			"from": [8, 0, 8],
			"to": [16, 16, 8],
			"faces": {
				"north": {"uv": [16, 0, 8, 16], "texture": "#0"},
				"south": {"uv": [8, 0, 16, 16], "texture": "#0"}
			}
		},
		{
			"from": [12, 7, 6.5],
			"to": [15, 10, 9.5],
			"faces": {
				"north": {"uv": [1, 8, 4, 11], "texture": "#1"},
				"east": {"uv": [1, 8, 4, 11], "texture": "#1"},
				"south": {"uv": [1, 8, 4, 11], "texture": "#1"},
				"west": {"uv": [1, 8, 4, 11], "texture": "#1"},
				"up": {"uv": [1, 5, 4, 8], "texture": "#1"}
			}
		},
		{
			"from": [11, 2, 5.5],
			"to": [16, 7, 10.5],
			"faces": {
				"north": {"uv": [0, 11, 5, 16], "texture": "#1"},
				"east": {"uv": [0, 11, 5, 16], "texture": "#1"},
				"south": {"uv": [0, 11, 5, 16], "texture": "#1"},
				"west": {"uv": [0, 11, 5, 16], "texture": "#1"},
				"up": {"uv": [5, 11, 10, 16], "texture": "#1"}
			}
		}
	]
}