{
	"textures": {
		"0": "block/brewing_stand",
		"1": "block/brewing_stand_bottle",
		"particle": "block/brewing_stand"
	},
	"elements": [
		{
			"from": [-0.41, 0, 8],
			"to": [7.59, 16, 8],
			"rotation": {"angle": 45, "axis": "y", "origin": [8, 8, 8]},
			"faces": {
				"north": {"uv": [8, 0, 16, 16], "texture": "#0"},
				"south": {"uv": [16, 0, 8, 16], "texture": "#0"}
			}
		},
		{
			"from": [4.2, 7, 12],
			"to": [7.2, 10, 15],
			"rotation": {"angle": -22.5, "axis": "y", "origin": [8, 8, 8]},
			"faces": {
				"north": {"uv": [1, 8, 4, 11], "texture": "#1"},
				"east": {"uv": [1, 8, 4, 11], "texture": "#1"},
				"south": {"uv": [1, 8, 4, 11], "texture": "#1"},
				"west": {"uv": [1, 8, 4, 11], "texture": "#1"},
				"up": {"uv": [1, 5, 4, 8], "rotation": 270, "texture": "#1"}
			}
		},
		{
			"from": [3.2, 2, 11],
			"to": [8.2, 7, 16],
			"rotation": {"angle": -22.5, "axis": "y", "origin": [8, 8, 8]},
			"faces": {
				"north": {"uv": [0, 11, 5, 16], "texture": "#1"},
				"east": {"uv": [0, 11, 5, 16], "texture": "#1"},
				"south": {"uv": [0, 11, 5, 16], "texture": "#1"},
				"west": {"uv": [0, 11, 5, 16], "texture": "#1"},
				"up": {"uv": [5, 11, 10, 16], "rotation": 270, "texture": "#1"}
			}
		}
	]
}