{
	"credit": "Made with Blockbench",
	"textures": {
		"wall": "block/brick_wall",
		"particle": "block/bricks"
	},
	"elements": [
		{
			"name": "wall",
			"from": [5, 0, 0],
			"to": [11, 14, 8],
			"faces": {
				"north": {"uv": [10, 9, 14, 16], "texture": "#wall", "cullface": "north"},
				"east": {"uv": [12, 9, 16, 16], "texture": "#wall"},
				"west": {"uv": [16, 9, 12, 16], "texture": "#wall"},
				"up": {"uv": [12, 5, 16, 8], "rotation": 270, "texture": "#wall"},
				"down": {"uv": [12, 5, 16, 8], "rotation": 270, "texture": "#wall", "cullface": "down"}
			}
		}
	]
}