{
	"parent": "minecraft:block/cube",
	"textures": {
		"0": "block/cartography_table_front",
		"1": "block/cartography_table_bottom",
		"2": "block/cartography_table_left",
		"3": "block/cartography_table_right",
		"4": "block/cartography_table_back",
		"5": "block/cartography_table_top",
		"6": "block/cartography_table_extra",
		"7": "block/cartography_table_extra2",
		"8": "block/cartography_table_extra3",
		"9": "block/cartography_table_inner",
		"particle": "block/cartography_table_extra3"
	},
	"elements": [
		{
			"from": [0, 0, 0],
			"to": [16, 4, 16],
			"rotation": {"angle": 0, "axis": "y", "origin": [8, 8, 8]},
			"faces": {
				"east": {"uv": [0, 11, 16, 16], "texture": "#3", "cullface": "east"},
				"south": {"uv": [0, 12, 16, 16], "texture": "#0", "cullface": "south"},
				"up": {"uv": [0, 0, 16, 16], "rotation": 180, "texture": "#9", "cullface": "south"},
				"down": {"uv": [0, 0, 16, 16], "rotation": 180, "texture": "#1", "cullface": "down"}
			}
		},
		{
			"from": [0, 13, 0],
			"to": [16, 16, 16],
			"rotation": {"angle": 0, "axis": "y", "origin": [8, 8, 8]},
			"faces": {
				"east": {"uv": [0, 0, 16, 3], "texture": "#3", "cullface": "east"},
				"south": {"uv": [0, 0, 16, 3], "texture": "#0", "cullface": "south"},
				"up": {"uv": [0, 0, 16, 16], "rotation": 180, "texture": "#5", "cullface": "up"},
				"down": {"uv": [0, 0, 16, 16], "rotation": 180, "texture": "#9", "cullface": "south"}
			}
		},
		{
			"from": [0, 4, 0],
			"to": [3, 13, 16],
			"rotation": {"angle": 0, "axis": "y", "origin": [8, 8, 8]},
			"faces": {
				"east": {"uv": [0, 3, 16, 12], "texture": "#9", "cullface": "south"},
				"south": {"uv": [0, 3, 3, 12], "texture": "#0", "cullface": "south"}
			}
		},
		{
			"from": [15, 4, 0],
			"to": [16, 13, 2],
			"rotation": {"angle": 0, "axis": "y", "origin": [8, 8, 8]},
			"faces": {
				"east": {"uv": [14, 3, 16, 12], "texture": "#3", "cullface": "east"},
				"south": {"uv": [15, 3, 16, 12], "texture": "#9", "cullface": "east"}
			}
		},
		{
			"from": [6, 9, 8],
			"to": [7, 13, 16],
			"rotation": {"angle": 0, "axis": "y", "origin": [8, 8, 8]},
			"faces": {
				"east": {"uv": [0, 3, 8, 7], "texture": "#9", "cullface": "south"},
				"south": {"uv": [6, 3, 7, 7], "texture": "#0", "cullface": "south"},
				"west": {"uv": [8, 3, 16, 7], "texture": "#9", "cullface": "south"}
			}
		},
		{
			"from": [3.3, 9, 8],
			"to": [5.8, 11.5, 15],
			"rotation": {"angle": 0, "axis": "y", "origin": [8, 8, 8]},
			"faces": {
				"east": {"uv": [0, 13, 6, 16], "texture": "#8", "cullface": "south"},
				"south": {"uv": [3, 4, 6, 7], "texture": "#0", "cullface": "south"},
				"west": {"uv": [0, 13, 6, 16], "texture": "#8", "cullface": "south"},
				"up": {"uv": [3, 9, 6, 16], "rotation": 180, "texture": "#8", "cullface": "south"}
			}
		},
		{
			"from": [7.5, 9, 8],
			"to": [10, 11.5, 14],
			"rotation": {"angle": 0, "axis": "y", "origin": [8, 8, 8]},
			"faces": {
				"south": {"uv": [7, 9, 10, 12], "texture": "#0", "cullface": "south"},
				"west": {"uv": [0, 13, 6, 16], "texture": "#8", "cullface": "south"},
				"up": {"uv": [3, 10, 6, 16], "rotation": 180, "texture": "#8", "cullface": "south"}
			}
		},
		{
			"from": [3, 8, 8],
			"to": [10, 9, 16],
			"rotation": {"angle": 0, "axis": "y", "origin": [8, 8, 8]},
			"faces": {
				"south": {"uv": [3, 7, 10, 8], "texture": "#0", "cullface": "south"},
				"up": {"uv": [3, 8, 10, 16], "rotation": 180, "texture": "#9", "cullface": "south"},
				"down": {"uv": [3, 0, 10, 8], "rotation": 180, "texture": "#9", "cullface": "up"}
			}
		},
		{
			"from": [10, 4, 8],
			"to": [11, 13, 16],
			"rotation": {"angle": 0, "axis": "y", "origin": [8, 8, 8]},
			"faces": {
				"east": {"uv": [0, 3, 8, 12], "texture": "#9", "cullface": "south"},
				"south": {"uv": [6, 3, 7, 12], "texture": "#0", "cullface": "south"},
				"west": {"uv": [8, 3, 16, 12], "texture": "#9", "cullface": "south"}
			}
		},
		{
			"from": [13, 4, 7],
			"to": [16, 13, 16],
			"rotation": {"angle": 0, "axis": "y", "origin": [8, 8, 8]},
			"faces": {
				"north": {"uv": [0, 3, 2, 12], "texture": "#9", "cullface": "east"},
				"east": {"uv": [0, 3, 9, 12], "texture": "#3", "cullface": "east"},
				"south": {"uv": [13, 3, 16, 12], "texture": "#0", "cullface": "south"},
				"west": {"uv": [8, 3, 16, 12], "texture": "#9", "cullface": "south"}
			}
		},
		{
			"from": [14, 11, 2],
			"to": [16, 13, 7],
			"rotation": {"angle": 0, "axis": "y", "origin": [8, 8, 8]},
			"faces": {
				"east": {"uv": [9, 3, 14, 5], "texture": "#3", "cullface": "east"},
				"down": {"uv": [0, 0, 2, 5], "rotation": 180, "texture": "#9", "cullface": "east"}
			}
		},
		{
			"from": [14, 4, 2],
			"to": [16, 6, 7],
			"rotation": {"angle": 0, "axis": "y", "origin": [8, 8, 8]},
			"faces": {
				"east": {"uv": [9, 10, 14, 12], "texture": "#3", "cullface": "east"},
				"up": {"uv": [0, 0, 2, 5], "rotation": 180, "texture": "#9", "cullface": "east"}
			}
		},
		{
			"from": [3, 4, 0],
			"to": [15, 13, 8],
			"rotation": {"angle": 0, "axis": "y", "origin": [8, 8, 8]},
			"faces": {
				"east": {"uv": [8, 3, 16, 12], "texture": "#3", "cullface": "east"},
				"south": {"uv": [3, 3, 15, 12], "texture": "#9", "cullface": "south"}
			}
		},
		{
			"from": [4.5, 16.2, 3.75],
			"to": [14.5, 16.2, 13.75],
			"rotation": {"angle": -22.5, "axis": "y", "origin": [8, 16, 8]},
			"faces": {
				"up": {"uv": [0, 0, 10, 10], "rotation": 90, "texture": "#6", "cullface": "up"}
			}
		},
		{
			"from": [11.5, 15.95, 3.75],
			"to": [15.5, 16.95, 7.75],
			"rotation": {"angle": 22.5, "axis": "y", "origin": [8, 16, 8]},
			"faces": {
				"north": {"uv": [0, 15, 4, 16], "texture": "#6", "cullface": "up"},
				"east": {"uv": [0, 15, 4, 16], "texture": "#6", "cullface": "up"},
				"south": {"uv": [0, 15, 4, 16], "texture": "#6", "cullface": "up"},
				"west": {"uv": [0, 15, 4, 16], "texture": "#6", "cullface": "up"},
				"up": {"uv": [0, 11, 4, 15], "rotation": 90, "texture": "#6", "cullface": "up"}
			}
		},
		{
			"from": [13, 15.7, 7.75],
			"to": [14, 16.7, 11.75],
			"rotation": {"angle": 22.5, "axis": "y", "origin": [8, 16, 8]},
			"faces": {
				"east": {"uv": [0, 10, 4, 11], "rotation": 180, "texture": "#6", "cullface": "up"},
				"south": {"uv": [3, 10, 4, 11], "texture": "#6", "cullface": "up"},
				"west": {"uv": [0, 10, 4, 11], "texture": "#6", "cullface": "up"},
				"up": {"uv": [0, 10, 4, 11], "rotation": 90, "texture": "#6", "cullface": "up"}
			}
		},
		{
			"from": [3, 15.95, 3.25],
			"to": [7, 16.95, 7.25],
			"rotation": {"angle": 0, "axis": "y", "origin": [9.25, 16, 4.5]},
			"faces": {
				"north": {"uv": [8, 15, 12, 16], "texture": "#6", "cullface": "up"},
				"east": {"uv": [8, 15, 12, 16], "texture": "#6", "cullface": "up"},
				"south": {"uv": [8, 15, 12, 16], "texture": "#6", "cullface": "up"},
				"west": {"uv": [8, 15, 12, 16], "texture": "#6", "cullface": "up"},
				"up": {"uv": [8, 11, 12, 15], "rotation": 90, "texture": "#6", "cullface": "up"}
			}
		},
		{
			"from": [4.5, 16.95, 4.75],
			"to": [5.5, 18.95, 5.75],
			"rotation": {"angle": 0, "axis": "y", "origin": [9.25, 16, 4.5]},
			"faces": {
				"north": {"uv": [12, 14, 13, 16], "texture": "#6", "cullface": "up"},
				"east": {"uv": [13, 14, 14, 16], "texture": "#6", "cullface": "up"},
				"south": {"uv": [14, 14, 15, 16], "texture": "#6", "cullface": "up"},
				"west": {"uv": [15, 14, 16, 16], "texture": "#6", "cullface": "up"},
				"up": {"uv": [12, 14, 13, 15], "rotation": 90, "texture": "#6", "cullface": "up"}
			}
		},
		{
			"from": [0.75, 17.7, 5.25],
			"to": [4.75, 24.7, 5.25],
			"rotation": {"angle": 22.5, "axis": "z", "origin": [3.25, 20.7, 5.25]},
			"faces": {
				"north": {"uv": [12, 0, 16, 7], "texture": "#6", "cullface": "up"},
				"south": {"uv": [12, 7, 16, 14], "texture": "#6", "cullface": "up"}
			}
		},
		{
			"from": [1.53769, 19.7, 2.84835],
			"to": [6.53769, 24.7, 7.84835],
			"rotation": {"angle": 22.5, "axis": "z", "origin": [5.53769, 21.7, 1.84835]},
			"faces": {
				"north": {"uv": [0, 5, 5, 10], "texture": "#7", "cullface": "up"},
				"east": {"uv": [5, 5, 10, 10], "texture": "#7", "cullface": "up"},
				"south": {"uv": [10, 5, 15, 10], "texture": "#7", "cullface": "up"},
				"west": {"uv": [10, 0, 15, 5], "texture": "#7", "cullface": "up"},
				"up": {"uv": [5, 0, 10, 5], "texture": "#7", "cullface": "up"},
				"down": {"uv": [0, 0, 5, 5], "texture": "#7", "cullface": "up"}
			}
		},
		{
			"from": [-3, 6, 1],
			"to": [0, 10, 15],
			"faces": {
				"north": {"uv": [3, 0, 6, 4], "texture": "#8", "cullface": "west"},
				"south": {"uv": [0, 0, 3, 4], "texture": "#8", "cullface": "west"},
				"west": {"uv": [0, 9, 14, 13], "texture": "#8", "cullface": "west"},
				"up": {"uv": [0, 6, 14, 9], "rotation": 90, "texture": "#8", "cullface": "west"},
				"down": {"uv": [0, 13, 14, 16], "rotation": 270, "texture": "#8", "cullface": "west"}
			}
		},
		{
			"from": [0.25, 3.25, 2],
			"to": [2.25, 5.25, 14],
			"rotation": {"angle": 22.5, "axis": "z", "origin": [0, 0, 0]},
			"faces": {
				"north": {"uv": [3, 1, 5, 3], "texture": "#8", "cullface": "west"},
				"south": {"uv": [1, 1, 3, 3], "texture": "#8", "cullface": "west"},
				"west": {"uv": [1, 10, 13, 12], "texture": "#8", "cullface": "west"},
				"up": {"uv": [1, 8, 13, 10], "rotation": 90, "texture": "#8", "cullface": "west"},
				"down": {"uv": [1, 12, 13, 14], "rotation": 90, "texture": "#8", "cullface": "west"}
			}
		},
		{
			"from": [-2, 10.25, 2],
			"to": [0, 12.25, 8],
			"faces": {
				"north": {"uv": [0, 10, 2, 12], "rotation": 90, "texture": "#7", "cullface": "west"},
				"south": {"uv": [7, 10, 9, 12], "texture": "#7", "cullface": "west"},
				"west": {"uv": [2, 10, 8, 12], "texture": "#7", "cullface": "west"},
				"up": {"uv": [2, 10, 8, 12], "rotation": 90, "texture": "#7", "cullface": "west"},
				"down": {"uv": [2, 10, 8, 12], "rotation": 270, "texture": "#7", "cullface": "west"}
			}
		},
		{
			"from": [-1.9, 10.35, 8],
			"to": [0, 12.15, 13],
			"faces": {
				"south": {"uv": [13, 10, 15, 12], "texture": "#7", "cullface": "west"},
				"west": {"uv": [8, 10, 13, 12], "texture": "#7", "cullface": "west"},
				"up": {"uv": [8, 10, 13, 12], "rotation": 90, "texture": "#7", "cullface": "west"},
				"down": {"uv": [8, 10, 13, 12], "rotation": 270, "texture": "#7", "cullface": "west"}
			}
		},
		{
			"from": [4, 4, 11],
			"to": [8, 5, 15],
			"rotation": {"angle": -22.5, "axis": "y", "origin": [6, 4.5, 12.5]},
			"faces": {
				"east": {"uv": [4, 15, 8, 16], "texture": "#6", "cullface": "south"},
				"south": {"uv": [4, 15, 8, 16], "texture": "#6", "cullface": "south"},
				"up": {"uv": [4, 11, 8, 15], "texture": "#6", "cullface": "south"}
			}
		},
		{
			"from": [11.5, 4.4, 8],
			"to": [12.5, 10.4, 15],
			"rotation": {"angle": 22.5, "axis": "z", "origin": [12.5, 7.5, 11.5]},
			"faces": {
				"east": {"uv": [0, 10, 6, 16], "texture": "#8", "cullface": "south"},
				"south": {"uv": [11, 4, 12, 10], "texture": "#0", "cullface": "south"},
				"west": {"uv": [0, 10, 6, 16], "texture": "#8", "cullface": "south"},
				"up": {"uv": [5, 9, 6, 16], "texture": "#8", "cullface": "south"},
				"down": {"uv": [5, 9, 6, 16], "texture": "#8", "cullface": "south"}
			}
		},
		{
			"from": [0, 0, 0],
			"to": [16, 16, 16],
			"faces": {
				"north": {"uv": [0, 0, 16, 16], "texture": "#4"},
				"west": {"uv": [0, 0, 16, 16], "texture": "#2"}
			}
		}
	]
}