{
	"parent": "block/block",
	"ambientocclusion": false,
	"textures": {
		"particle": "block/composter_side",
		"3_side": "block/composter_side",
		"3_top": "block/composter_top",
		"3_bottom": "block/composter_bottom"
	},
	"elements": [
		{
			"from": [0, 0, 0],
			"to": [16, 2, 16],
			"faces": {
				"up": {"uv": [0, 0, 16, 16], "texture": "#3_bottom"},
				"down": {"uv": [0, 0, 16, 16], "texture": "#3_bottom", "cullface": "down"}
			}
		},
		{
			"from": [0, 0, 0],
			"to": [2, 16, 16],
			"faces": {
				"east": {"uv": [0, 0, 16, 16], "texture": "#3_side"},
				"up": {"uv": [0, 0, 2, 16], "texture": "#3_top", "cullface": "up"}
			}
		},
		{
			"from": [14, 0, 0],
			"to": [16, 16, 16],
			"faces": {
				"west": {"uv": [0, 0, 16, 16], "texture": "#3_side"},
				"up": {"uv": [14, 0, 16, 16], "texture": "#3_top", "cullface": "up"}
			}
		},
		{
			"from": [2, 0, 0],
			"to": [14, 16, 2],
			"faces": {
				"south": {"uv": [2, 0, 14, 16], "texture": "#3_side"},
				"up": {"uv": [2, 0, 14, 2], "texture": "#3_top", "cullface": "up"}
			}
		},
		{
			"from": [2, 0, 14],
			"to": [14, 16, 16],
			"faces": {
				"north": {"uv": [2, 0, 14, 16], "texture": "#3_side"},
				"up": {"uv": [2, 14, 14, 16], "texture": "#3_top", "cullface": "up"}
			}
		},
		{
			"from": [0, 0, 0],
			"to": [16, 16, 16],
			"faces": {
				"north": {"uv": [0, 0, 16, 16], "texture": "#3_side", "cullface": "north"},
				"east": {"uv": [0, 0, 16, 16], "texture": "#3_side", "cullface": "east"},
				"south": {"uv": [0, 0, 16, 16], "texture": "#3_side", "cullface": "south"},
				"west": {"uv": [0, 0, 16, 16], "texture": "#3_side", "cullface": "west"}
			}
		}
	]
}